Date,Payment Source,Description,Amount
05/31/2025,APPLE,ACH Deposit Internet transfer from account ending in 9471,-189.33
04/30/2025,APPLE,SAFEWAY #0496 15000 N E 24TH REDMOND 98052 WA USA,-7.49
05/02/2025,APPLE,NETFLIX.COM 121 Albright Way LOS GATOS 95032 CA USA,-8.81
05/02/2025,APPLE,Amazon web services 440 Terry Ave N aws.amazon.co98109 WA USA,-4.11
05/07/2025,APPLE,APPLE.COM/BILL ONE APPLE PARK WAY 866-712-7753 95014 CA USA,-2.99
05/07/2025,APPLE,MAYURI FOODS 2010 148TH AVE NE STE160 REDMOND 98052 WA USA,-13.95
05/09/2025,APPLE,GOOGLE *Google One 1600 AMPHITHEATRE PKWY 650-253-0000 94043 CA USA,-2.2
05/11/2025,APPLE,WSDOT-GOODTOGO ONLINE 707 S GRADY WAY RENTON 98057 WA USA,-10.25
05/25/2025,APPLE,IKEA SEATLE REST 601 SW 41ST STREET RENTON 98057 WA USA,-4.72
05/25/2025,APPLE,IKEA SEATLE REST 601 SW 41ST STREET RENTON 98057 WA USA,-6.39
04/30/2025,APPLE,ACH Deposit Internet transfer from account ending in 9471,-302.55
04/02/2025,APPLE,"NETFLIX, INC. 100 Winchester Circle CA 95032 CA USA",-8.81
04/02/2025,APPLE,Amazon web services 440 Terry Ave N aws.amazon.co98109 WA USA,-0.21
04/03/2025,APPLE,ZYBOOK COLLEGE TXTBOOK54 N. Central Avenue CAMPBELL 95008 CA USA,-102.58
04/05/2025,APPLE,DANCE 4423 232ND PLACE SOUTHEAS BOTHELL 98021 WA USA (RETURN),-22.0
04/07/2025,APPLE,APPLE.COM/BILL ONE APPLE PARK WAY 866-712-7753 95014 CA USA,-2.99
04/09/2025,APPLE,GOOGLE *Google One 1600 AMPHITHEATRE PKWY 650-253-0000 94043 CA USA,-2.2
04/11/2025,APPLE,SAFEWAY #0496 15000 N E 24TH REDMOND 98052 WA USA,-8.82
04/24/2025,APPLE,ASIAN FAMILY MARKET BE14515 N E 20TH ST BELLEVUE 98007-5644WA USA,-5.5
04/25/2025,APPLE,URVASHI BEAUTY STUDIO 1313 156TH AVE NE BELLEVUE 98007 WA USA,-58.0
03/31/2025,APPLE,ACH Deposit Internet transfer from account ending in 9471,-124.9
03/02/2025,APPLE,"NETFLIX, INC. 100 Winchester Circle CA 95032 CA USA",-8.81
03/02/2025,APPLE,APPLE.COM/BILL ONE APPLE PARK WAY 866-712-7753 95014 CA USA,-16.53
03/03/2025,APPLE,DANCE 4423 232ND PLACE SOUTHEAS BOTHELL 98021 WA USA,-22.0
03/05/2025,APPLE,Virginia Mason Medical1100 OLIVE WAY SEATTLE 98111 WA USA,-227.97
03/07/2025,APPLE,APPLE.COM/BILL ONE APPLE PARK WAY 866-712-7753 95014 CA USA,-2.99
03/07/2025,APPLE,MARSHALLS #0221 2150 148TH AVE NE REDMOND 98052 WA USA,-22.05
03/09/2025,APPLE,GOOGLE *Google One 1600 AMPHITHEATRE PKWY 650-253-0000 94043 CA USA,-2.2
03/30/2025,APPLE,DANCE 4423 232ND PLACE SOUTHEAS BOTHELL 98021 WA USA,-22.0
07/31/2025,APPLE,ACH Deposit Internet transfer from account ending in 9471,-313.52
07/01/2025,APPLE,Amazon web services 440 Terry Ave N aws.amazon.co98109 WA USA,-3.79
07/02/2025,APPLE,Netflix.com 100 Winchester Circle Los Gatos 95032 CA USA,-8.81
07/07/2025,APPLE,APPLE.COM/BILL ONE APPLE PARK CUPERTINO 95014 CA USA,-2.99
07/09/2025,APPLE,GOOGLE *Google One 1600 AMPHITHEATRE PKWY 650-253-0000 94043 CA USA,-2.2
07/18/2025,APPLE,MARSHALLS #0293 3205 ALDERWOOD MALL BLVD LYNNWOOD 98036 WA USA,-44.21
07/28/2025,APPLE,XFINITY MOBILE 1701 JOHN F KENNEDY BLVD 888-936-4968 19103 PA USA,-78.34
06/30/2025,APPLE,ACH Deposit Internet transfer from account ending in 9471,-60.91
05/31/2025,APPLE,SAFEWAY #0496 15000 N E 24TH REDMOND 98052 WA USA,-11.63
06/01/2025,APPLE,WORLD EDUCATION SERVICOne Battery Park Plza 3 Fl. 212-219-7307 10004 NY USA,-236.0
06/01/2025,APPLE,DOLLARTREE 12030 NE 85TH ST KIRKLAND 98033 WA USA,-8.98
06/02/2025,APPLE,NETFLIX.COM 121 Albright Way LOS GATOS 95032 CA USA,-8.81
06/02/2025,APPLE,Amazon web services 440 Terry Ave N aws.amazon.co98109 WA USA,-3.94
06/02/2025,APPLE,DK MARKET 720 LIND AVE SW RENTON 98057 WA USA,-36.47
06/07/2025,APPLE,APPLE.COM/BILL ONE APPLE PARK WAY 866-712-7753 95014 CA USA,-2.99
06/09/2025,APPLE,GOOGLE *Google One 1600 AMPHITHEATRE PKWY 650-253-0000 94043 CA USA,-2.2
06/11/2025,APPLE,WSDOT-GOODTOGO ONLINE 707 S GRADY WAY RENTON 98057 WA USA,-1.25
06/27/2025,APPLE,WSDOT-GOODTOGO ONLINE 707 S GRADY WAY RENTON 98057 WA USA,-1.25
10/31/2025,APPLE,ACH Deposit Internet transfer from account ending in 9471,-44.55
10/02/2025,APPLE,Amazon web services 440 Terry Ave N aws.amazon.co98109 WA USA,-3.97
10/02/2025,APPLE,Netflix.com 100 Winchester Circle Los Gatos 95032 CA USA,-8.81
10/07/2025,APPLE,APPLE.COM/BILL ONE APPLE PARK WAY 866-712-7753 95014 CA USA,-2.99
10/09/2025,APPLE,GOOGLE *Google One 1600 AMPHITHEATRE PKWY 650-253-0000 94043 CA USA,-2.2
10/28/2025,APPLE,XFINITY MOBILE 1701 JOHN F KENNEDY BLVD PHILADELPHIA 19103 PA USA,-25.6
10/18/2025,APPLE,Apple Store PORTLAND OR,-2699.0
01/31/2025,APPLE,ACH Deposit Internet transfer from account ending in 9471,-92.59
01/02/2025,APPLE,NETFLIX.COM 121 Albright Way NETFLIX.COM 95032 CA USA,-7.71
01/03/2025,APPLE,APPLE.COM/BILL ONE APPLE PARK WAY 866-712-7753 95014 CA USA,-22.06
01/07/2025,APPLE,APPLE.COM/BILL ONE APPLE PARK WAY 866-712-7753 95014 CA USA,-2.99
01/07/2025,APPLE,SAFEWAY #0496 15000 N E 24TH REDMOND 98052 WA USA,-7.41
01/09/2025,APPLE,GOOGLE *Google One 1600 AMPHITHEATRE PKWY 650-253-0000 94043 CA USA,-2.2
01/22/2025,APPLE,DOLLARTREE 2209 BEL RED RD REDMOND 98052 WA USA,-4.14
01/23/2025,APPLE,APPLE.COM/BILL ONE APPLE PARK WAY 866-712-7753 95014 CA USA,-5.51
02/28/2025,APPLE,ACH Deposit Internet transfer from account ending in 9471,-52.02
02/02/2025,APPLE,NETFLIX.COM 121 Albright Way NETFLIX.COM 95032 CA USA,-7.71
02/07/2025,APPLE,APPLE.COM/BILL ONE APPLE PARK WAY 866-712-7753 95014 CA USA,-2.99
02/09/2025,APPLE,GOOGLE *Google One 1600 AMPHITHEATRE PKWY 650-253-0000 94043 CA USA,-2.2
02/22/2025,APPLE,UW GRADUATE SCHOOL 4109 E STEVENS WAY NE SEATTLE 98195 WA USA,-90.0
02/23/2025,APPLE,DANCE 4423 232ND PLACE SOUTHEAS BOTHELL 98021 WA USA,-22.0
08/31/2025,APPLE,ACH Deposit Internet transfer from account ending in 9471,-140.34
08/02/2025,APPLE,Amazon web services 440 Terry Ave N aws.amazon.co98109 WA USA,-4.1
08/02/2025,APPLE,NETFLIX.COM 121 Albright Way LOS GATOS 95032 CA USA,-8.81
08/07/2025,APPLE,APPLE.COM/BILL ONE APPLE PARK WAY 866-712-7753 95014 CA USA,-2.99
08/09/2025,APPLE,GOOGLE *Google One 1600 AMPHITHEATRE PKWY 650-253-0000 94043 CA USA,-2.2
08/14/2025,APPLE,WALGREENS #4730 13110 BOTHELL EVERETT HWY EVERETT 98208 WA USA,-20.0
08/28/2025,APPLE,XFINITY MOBILE 1701 JOHN F KENNEDY BLVD 888-936-4968 19103 PA USA,-25.46
09/30/2025,APPLE,ACH Deposit Internet transfer from account ending in 9471,-63.56
09/01/2025,APPLE,Amazon web services 440 Terry Ave N aws.amazon.co98109 WA USA,-3.84
09/02/2025,APPLE,Netflix.com 100 Winchester Circle Los Gatos 95032 CA USA,-8.81
09/07/2025,APPLE,APPLE.COM/BILL ONE APPLE PARK WAY 866-712-7753 95014 CA USA,-2.99
09/09/2025,APPLE,GOOGLE *Google One 1600 AMPHITHEATRE PKWY 650-253-0000 94043 CA USA,-2.2
09/11/2025,APPLE,WSDOT-GOODTOGO ONLINE 707 S GRADY WAY RENTON 98057 WA USA,-1.25
09/28/2025,APPLE,XFINITY MOBILE 1701 JOHN F KENNEDY BLVD 888-936-4968 19103 PA USA,-25.46
10/04/2025,CHASE BON,COSTCO WHSE #0114 EVERETT WA,17.57
10/12/2025,CHASE BON,AUTOMATIC PAYMENT - THANK YOU,708.92
09/14/2025,CHASE BON,SAFEWAY #3298 EVERETT WA,-8.62
09/14/2025,CHASE BON,ROSS STORE #498 EVERETT WA,-7.68
09/18/2025,CHASE BON,FRED-MEYER #0458 EVERETT WA,-4.93
09/20/2025,CHASE BON,COSTCO WHSE #0114 EVERETT WA,-26.63
09/20/2025,CHASE BON,COSTCO WHSE #0114 EVERETT WA,-2.74
09/22/2025,CHASE BON,SEA112 2MARKETS BELLEVUE WA,-3.45
09/26/2025,CHASE BON,SEA112 2MARKETS BELLEVUE WA,-3.45
09/27/2025,CHASE BON,COSTCO WHSE #0114 EVERETT WA,-126.94
09/25/2025,CHASE BON,SEA112 2MARKETS BELLEVUE WA,-3.45
09/27/2025,CHASE BON,COSTCO GAS #0114 EVERETT WA,-64.03
09/27/2025,CHASE BON,DOLLAR TREE LYNNWOOD WA,-3.04
09/27/2025,CHASE BON,JD`S MARKET LYNNWOOD WA,-52.96
10/01/2025,CHASE BON,SEA112 2MARKETS BELLEVUE WA,-3.45
10/02/2025,CHASE BON,WALGREENS #4730 EVERETT WA,-5.26
10/03/2025,CHASE BON,VIRGINIA MASON BELLEVUE BELLEVUE WA,-30.0
10/04/2025,CHASE BON,COSTCO WHSE #0114 EVERETT WA,-4.37
10/04/2025,CHASE BON,COSTCO WHSE #0114 EVERETT WA,-59.87
10/03/2025,CHASE BON,SQ *ROYAL BIRYANI HOUSE Bothell WA,-20.21
10/05/2025,CHASE BON,IMRAN`S MARKET EVERETT WA,-27.25
10/08/2025,CHASE BON,FRED-MEYER #0458 EVERETT WA,-7.78
10/08/2025,CHASE BON,SEA112 2MARKETS BELLEVUE WA,-3.45
10/10/2025,CHASE BON,COSTCO WHSE #0114 EVERETT WA,-4.92
10/11/2025,CHASE BON,FRED-MEYER #0458 EVERETT WA,-3.74
10/13/2025,CHASE BON,COSTCO WHSE #0114 EVERETT WA,-4.37
10/13/2025,CHASE BON,COSTCO GAS #0114 EVERETT WA,-63.12
06/12/2025,CHASE BON,AUTOMATIC PAYMENT - THANK YOU,949.79
05/15/2025,CHASE BON,UW ENROLLMENT MGMT MIACRUZ@UW.ED WA,-500.0
05/16/2025,CHASE BON,CTLP*Canteen Vending S CHARLOTTE NC,-1.5
05/17/2025,CHASE BON,COSTCO WHSE #1225 REDMOND WA,-7.14
05/17/2025,CHASE BON,COSTCO WHSE #1225 REDMOND WA,-109.85
05/22/2025,CHASE BON,DOLLARTREE REDMOND WA,-13.1
05/23/2025,CHASE BON,CTLP*Canteen Vending S CHARLOTTE NC,-1.4
05/23/2025,CHASE BON,CTLP*Canteen Vending S CHARLOTTE NC,-1.5
05/25/2025,CHASE BON,DK MARKET RENTON WA,-37.76
05/24/2025,CHASE BON,SPROUTS FARMERS MAR MILL CREEK WA,-22.89
05/26/2025,CHASE BON,2404 GREAT CLIPS OVERLAKE REDMOND WA,-30.0
05/29/2025,CHASE BON,CTLP*Canteen Vending S CHARLOTTE NC,-1.4
05/30/2025,CHASE BON,SQ *SOUTHERN SPICE BELLEV Redmond WA,-18.74
05/31/2025,CHASE BON,DOLLAR TREE EVERETT WA,-27.44
06/02/2025,CHASE BON,IKEA SEATLE RENTON WA,-93.69
06/02/2025,CHASE BON,IKEA SEATLE REST RENTON WA,-3.96
06/02/2025,CHASE BON,CHARLEYS PHILLY STEAKS 23 RENTON WA,-6.28
06/05/2025,CHASE BON,WAL-MART #2594 LYNNWOOD WA,-117.95
06/05/2025,CHASE BON,COSTCO WHSE #0747 WOODINVILLE WA,-5.15
06/05/2025,CHASE BON,COSTCO WHSE #0747 WOODINVILLE WA,-206.32
06/05/2025,CHASE BON,MAYURI FOODS REDMOND WA,-51.19
06/05/2025,CHASE BON,MICHAELS STORES 8403 BELLEVUE WA,-22.03
06/05/2025,CHASE BON,JACK IN THE BOX 8422 BELLEVUE WA,-16.3
06/06/2025,CHASE BON,SPROUTS FARMERS MAR MILL CREEK WA,-12.65
06/06/2025,CHASE BON,DOLLARTREE MILL CREEK WA,-47.86
06/06/2025,CHASE BON,FRED-MEYER #0458 EVERETT WA,-9.26
06/06/2025,CHASE BON,SAFEWAY #1413 BOTHELL WA,-14.44
06/09/2025,CHASE BON,FRED-MEYER #0458 EVERETT WA,-25.19
06/10/2025,CHASE BON,DOLLARTREE MILL CREEK WA,-23.5
06/13/2025,CHASE BON,SQ *SOUTHERN SPICE BELLEV Redmond WA,-18.74
06/13/2025,CHASE BON,SQ *SOUTHERN SPICE BELLEV Redmond WA,-6.61
08/09/2025,CHASE BON,COSTCO WHSE #1190 LYNNWOOD WA,36.46
08/12/2025,CHASE BON,AUTOMATIC PAYMENT - THANK YOU,764.19
07/17/2025,CHASE BON,COSTCO WHSE #1225 REDMOND WA,-4.39
07/17/2025,CHASE BON,COSTCO WHSE #1225 REDMOND WA,-2.75
07/17/2025,CHASE BON,FRED MEYER #0664 REDMOND WA,-8.97
07/19/2025,CHASE BON,RECREATION.GOV 877-444-6777 NM,-5.0
07/18/2025,CHASE BON,COSTCO WHSE #0008 KIRKLAND WA,-108.77
07/18/2025,CHASE BON,AMZN BINGO CAFE BELLEVUE WA,-1.82
07/24/2025,CHASE BON,INDIA SUPERMARKET BOTHELL WA,-127.09
07/25/2025,CHASE BON,FRED-MEYER #0458 EVERETT WA,-4.18
07/25/2025,CHASE BON,SEA112 2MARKETS BELLEVUE WA,-1.82
07/26/2025,CHASE BON,COSTCO WHSE #1190 LYNNWOOD WA,-2.75
07/26/2025,CHASE BON,COSTCO WHSE #1190 LYNNWOOD WA,-4.4
07/26/2025,CHASE BON,STARBUCKS STORE 11705 LYNNWOOD WA,-4.7
07/28/2025,CHASE BON,VIRGINIA MASON FRONT DESK SEATTLE WA,-90.0
07/27/2025,CHASE BON,SAFEWAY #0503 EVERETT WA,-5.07
07/28/2025,CHASE BON,VM PARKING GARAGE SEATTLE WA,-8.0
07/30/2025,CHASE BON,SEA112 2MARKETS BELLEVUE WA,-3.45
08/02/2025,CHASE BON,FRED-MEYER #0458 EVERETT WA,-4.95
08/01/2025,CHASE BON,COSTCO GAS #0114 EVERETT WA,-65.62
08/03/2025,CHASE BON,TST*T AND C KITCHEN - MI Mill Creek WA,-12.17
08/04/2025,CHASE BON,SQ *MAYURI BAKERY - BOTHE Bothell WA,-18.52
08/04/2025,CHASE BON,DOLLAR TREE BOTHELL WA,-23.66
08/04/2025,CHASE BON,COSTCO WHSE #1190 LYNNWOOD WA,-191.49
08/04/2025,CHASE BON,MAYURI FOODS & VIDEO BOTHELL WA,-53.29
08/09/2025,CHASE BON,COSTCO WHSE #1190 LYNNWOOD WA,-44.23
08/09/2025,CHASE BON,DOLLAR TREE LYNNWOOD WA,-11.55
08/10/2025,CHASE BON,FRED-MEYER #0458 EVERETT WA,-19.34
08/11/2025,CHASE BON,SQ *HELLO INDIA Everett WA,-42.85
08/14/2025,CHASE BON,COSTCO WHSE #0114 EVERETT WA,-4.37
08/14/2025,CHASE BON,COSTCO WHSE #0114 EVERETT WA,-6.99
08/13/2025,CHASE BON,FRED-MEYER #0458 EVERETT WA,-4.91
01/17/2025,CHASE BON,STARBUCKS BAG CLAIM S SEATTLE WA,-6.94
01/17/2025,CHASE BON,Sissi & Franz Bar Munchen-Flugh,-8.41
01/17/2025,CHASE BON,SAFEWAY #0496 REDMOND WA,-15.43
01/19/2025,CHASE BON,INDIA SUPERMARKET BELLEVUE WA,-57.16
01/18/2025,CHASE BON,SAFEWAY #0496 REDMOND WA,-4.59
01/19/2025,CHASE BON,COSTCO WHSE #1225 REDMOND WA,-2.96
01/19/2025,CHASE BON,COSTCO WHSE #1225 REDMOND WA,-114.85
01/19/2025,CHASE BON,COSTCO GAS #1225 REDMOND WA,-41.32
01/19/2025,CHASE BON,SAFEWAY #0496 REDMOND WA,-7.04
01/26/2025,CHASE BON,MAYURI FOODS REDMOND WA,-21.05
01/26/2025,CHASE BON,SQ *SOUTHERN SPICE BELLEV Redmond WA,-14.11
01/30/2025,CHASE BON,AMZN BINGO CAFE BELLEVUE WA,-12.4
01/31/2025,CHASE BON,COSTCO WHSE #1225 REDMOND WA,-5.26
01/31/2025,CHASE BON,COSTCO WHSE #1225 REDMOND WA,-52.73
02/07/2025,CHASE BON,SQ *SOUTHERN SPICE BELLEV Redmond WA,-17.64
02/09/2025,CHASE BON,PUNJABI TADKA BELLEVUE WA,-24.2
02/11/2025,CHASE BON,CVS/PHARMACY #10619 BELLEVUE WA,-20.0
02/10/2025,CHASE BON,SAFEWAY #0496 REDMOND WA,-11.62
02/13/2025,CHASE BON,COSTCO WHSE #1225 REDMOND WA,-5.26
02/13/2025,CHASE BON,COSTCO WHSE #1225 REDMOND WA,-115.25
02/13/2025,CHASE BON,COSTCO GAS #1225 REDMOND WA,-57.64
05/12/2025,CHASE BON,AUTOMATIC PAYMENT - THANK YOU,751.56
04/16/2025,CHASE BON,SAFEWAY #0496 REDMOND WA,-2.79
04/18/2025,CHASE BON,SAFEWAY #0496 REDMOND WA,-9.83
04/19/2025,CHASE BON,COSTCO GAS #0114 EVERETT WA,-63.71
04/19/2025,CHASE BON,COSTCO WHSE #0114 EVERETT WA,-2.74
04/19/2025,CHASE BON,COSTCO WHSE #0114 EVERETT WA,-4.37
04/18/2025,CHASE BON,CTLP*Canteen Vending S CHARLOTTE NC,-1.5
04/19/2025,CHASE BON,COSTCO WHSE #0114 EVERETT WA,-141.42
04/24/2025,CHASE BON,DOLLARTREE REDMOND WA,-5.68
04/27/2025,CHASE BON,MAYURI FOODS REDMOND WA,-54.41
04/30/2025,CHASE BON,DOLLARTREE REDMOND WA,-10.77
05/01/2025,CHASE BON,ROAD RUNNER SPORTS-116 BELLEVUE WA,-49.99
05/02/2025,CHASE BON,CTLP*Canteen Vending S CHARLOTTE NC,-1.5
05/03/2025,CHASE BON,COSTCO WHSE #1225 REDMOND WA,-5.26
05/03/2025,CHASE BON,COSTCO WHSE #1225 REDMOND WA,-81.42
05/03/2025,CHASE BON,COSTCO GAS #1225 REDMOND WA,-53.01
05/02/2025,CHASE BON,SAFEWAY #0496 REDMOND WA,-2.59
05/02/2025,CHASE BON,ROAD RUNNER SPORTS-116 BELLEVUE WA,-38.13
05/07/2025,CHASE BON,CTLP*Canteen Vending S CHARLOTTE NC,-1.5
05/06/2025,CHASE BON,SAFEWAY #0496 REDMOND WA,-5.99
05/07/2025,CHASE BON,SAFEWAY #0496 REDMOND WA,-9.94
05/09/2025,CHASE BON,CTLP*Canteen Vending S CHARLOTTE NC,-1.5
05/10/2025,CHASE BON,CVS/PHARMACY #10619 BELLEVUE WA,-20.0
05/11/2025,CHASE BON,PROGRESSIVE *INSURANCE 800-776-4737 OH,-350.08
05/11/2025,CHASE BON,SAFEWAY #0496 REDMOND WA,-21.37
05/13/2025,CHASE BON,SAFEWAY #0496 REDMOND WA,-10.29
04/11/2025,CHASE BON,AUTOMATIC PAYMENT - THANK YOU,439.48
03/14/2025,CHASE BON,COSTCO WHSE #1225 REDMOND WA,-131.7
03/14/2025,CHASE BON,SAFEWAY #0496 REDMOND WA,-11.6
03/14/2025,CHASE BON,DOLLARTREE REDMOND WA,-19.38
03/16/2025,CHASE BON,SAFEWAY #0496 REDMOND WA,-2.99
03/22/2025,CHASE BON,MARSHALLS #0293 LYNNWOOD WA,-16.57
03/22/2025,CHASE BON,ARBYS 6409 REDMOND WA,-11.57
03/24/2025,CHASE BON,SAFEWAY #0496 REDMOND WA,-6.99
03/25/2025,CHASE BON,SAFEWAY #0496 REDMOND WA,-6.98
03/27/2025,CHASE BON,SQ *MAYURI BAKERY Redmond WA,-5.11
03/28/2025,CHASE BON,CTLP*Canteen Vending S CHARLOTTE NC,-1.5
03/28/2025,CHASE BON,COSTCO WHSE #1225 REDMOND WA,-3.07
03/28/2025,CHASE BON,COSTCO WHSE #1225 REDMOND WA,-146.9
03/28/2025,CHASE BON,COSTCO GAS #1225 REDMOND WA,-63.75
03/27/2025,CHASE BON,SAFEWAY #0496 REDMOND WA,-7.99
03/30/2025,CHASE BON,MAYURI FOODS REDMOND WA,-23.17
03/29/2025,CHASE BON,SAFEWAY #0496 REDMOND WA,-24.97
03/30/2025,CHASE BON,ASIAN FAMILY MARKET BE BELLEVUE WA,-15.2
04/04/2025,CHASE BON,SQ *SOUTHERN SPICE BELLEV Redmond WA,-17.64
04/04/2025,CHASE BON,SAFEWAY #0496 REDMOND WA,-3.58
04/05/2025,CHASE BON,DOLLAR TREE BOTHELL WA,-7.97
04/06/2025,CHASE BON,APNA BAZAR BELLEVUE BELLEVUE WA,-48.35
04/07/2025,CHASE BON,DOLLARTREE REDMOND WA,-2.76
04/09/2025,CHASE BON,SAFEWAY #0496 REDMOND WA,-2.01
04/11/2025,CHASE BON,BTF GLOBAL SOLUTIONS PRI Hyderabad,-59.98
04/13/2025,CHASE BON,SAFEWAY #0496 REDMOND WA,-14.83
04/01/2025,CHASE BON,ANNUAL MEMBERSHIP FEE,-95.0
02/16/2025,CHASE BON,MARSHALLS #0221 REDMOND WA,-7.71
02/17/2025,CHASE BON,ASIAN FAMILY MARKET BE BELLEVUE WA,-18.29
02/17/2025,CHASE BON,TARGET 00009951 REDMOND WA,-11.69
02/17/2025,CHASE BON,SAFEWAY #0496 REDMOND WA,-1.96
02/23/2025,CHASE BON,CROSSROADS GROCERY BELLEVUE WA,-30.79
03/01/2025,CHASE BON,COSTCO WHSE #0114 EVERETT WA,-2.19
03/01/2025,CHASE BON,COSTCO WHSE #0114 EVERETT WA,-72.39
03/02/2025,CHASE BON,INDIA SUPERMARKET BELLEVUE WA,-43.86
03/03/2025,CHASE BON,ASIAN FAMILY MARKET BE BELLEVUE WA,-16.66
03/02/2025,CHASE BON,SAFEWAY #0496 REDMOND WA,-5.49
03/06/2025,CHASE BON,SQ *SOUTHERN SPICE BELLEV Redmond WA,-34.18
03/06/2025,CHASE BON,TST* WETZEL'S PRETZELS - BELLEVUE WA,-6.26
03/08/2025,CHASE BON,COSTCO GAS #1225 REDMOND WA,-64.87
03/08/2025,CHASE BON,COSTCO WHSE #1225 REDMOND WA,-2.75
03/08/2025,CHASE BON,COSTCO WHSE #1225 REDMOND WA,-4.39
03/08/2025,CHASE BON,COSTCO WHSE #1225 REDMOND WA,-54.08
03/13/2025,CHASE BON,MAYURI FOODS REDMOND WA,-46.93
03/13/2025,CHASE BON,MAYURI FOODS REDMOND WA,-14.99
09/12/2025,CHASE BON,AUTOMATIC PAYMENT - THANK YOU,888.84
08/16/2025,CHASE BON,IMRAN`S MARKET EVERETT WA,-11.98
08/17/2025,CHASE BON,COSTCO WHSE #1190 LYNNWOOD WA,-65.82
08/19/2025,CHASE BON,COSTCO GAS #0114 EVERETT WA,-65.43
08/18/2025,CHASE BON,SEA112 2MARKETS BELLEVUE WA,-3.45
08/19/2025,CHASE BON,WALGREENS #4730 EVERETT WA,-14.37
08/21/2025,CHASE BON,SEA112 2MARKETS BELLEVUE WA,-3.45
08/23/2025,CHASE BON,JCPENNEY 2011 LYNNWOOD WA,-54.75
08/23/2025,CHASE BON,PANDA EXPRESS #329 LYNNWOOD WA,-14.38
08/23/2025,CHASE BON,DOLLAR TREE BOTHELL WA,-6.56
08/23/2025,CHASE BON,COSTCO WHSE #1190 LYNNWOOD WA,-56.13
08/23/2025,CHASE BON,APNA BAZAR BOTHELL BOTHELL WA,-63.37
08/24/2025,CHASE BON,FRED-MEYER #0458 EVERETT WA,-6.39
08/24/2025,CHASE BON,FRED-MEYER #0458 EVERETT WA,-4.93
08/25/2025,CHASE BON,CVS/PHARMACY #10450 LYNNWOOD WA,-2.09
08/25/2025,CHASE BON,Supercuts Lynnwood Lynnwood WA,-35.0
08/25/2025,CHASE BON,WALGREENS #4730 EVERETT WA,-6.92
08/27/2025,CHASE BON,SEA112 2MARKETS BELLEVUE WA,-3.45
08/29/2025,CHASE BON,SQ *HELLO INDIA Everett WA,-20.87
08/30/2025,CHASE BON,MCDONALD'S F31332 MARYSVILLE WA,-10.91
08/29/2025,CHASE BON,SEA112 2MARKETS BELLEVUE WA,-3.45
08/31/2025,CHASE BON,FRED-MEYER #0458 EVERETT WA,-7.68
09/02/2025,CHASE BON,SEA112 2MARKETS BELLEVUE WA,-3.45
09/05/2025,CHASE BON,SEA112 2MARKETS BELLEVUE WA,-3.45
09/06/2025,CHASE BON,COSTCO WHSE #0114 EVERETT WA,-4.92
09/06/2025,CHASE BON,COSTCO WHSE #0114 EVERETT WA,-57.96
09/07/2025,CHASE BON,COSTCO WHSE #0114 EVERETT WA,-59.83
09/11/2025,CHASE BON,COSTCO WHSE #0114 EVERETT WA,-4.37
09/11/2025,CHASE BON,COSTCO WHSE #0114 EVERETT WA,-4.97
09/13/2025,CHASE BON,COSTCO WHSE #0106 SEATTLE WA,-2.75
09/11/2025,CHASE BON,SEA112 2MARKETS BELLEVUE WA,-3.45
09/13/2025,CHASE BON,COSTCO WHSE #0106 SEATTLE WA,-45.39
09/13/2025,CHASE BON,COSTCO GAS #0114 EVERETT WA,-69.08
09/14/2025,CHASE BON,DOLLAR TREE EVERETT WA,-1.37
09/14/2025,CHASE BON,DOLLARTREE EVERETT WA,-4.12
06/15/2025,CHASE BON,U-HAUL OF KIRKLAND KIRKLAND WA,50.0
06/14/2025,CHASE BON,SAFEWAY #0496 REDMOND WA,-5.99
06/15/2025,CHASE BON,TST*MERCURYS COFFEE - 06 Kirkland WA,-12.24
06/14/2025,CHASE BON,SHALIMAR GROCERY REDMOND WA,-27.2
06/14/2025,CHASE BON,TRADER JOE S #140 REDMOND WA,-17.45
06/15/2025,CHASE BON,U-HAULMCC EVERETT WA,-19.94
06/15/2025,CHASE BON,U-HAUL OF KIRKLAND KIRKLAND WA,-162.48
06/15/2025,CHASE BON,TACO BELL 031340 REDMOND WA,-19.07
06/18/2025,CHASE BON,COSTCO WHSE #0114 EVERETT WA,-4.37
06/21/2025,CHASE BON,COSTCO WHSE #0114 EVERETT WA,-131.12
06/21/2025,CHASE BON,COSTCO GAS #0114 EVERETT WA,-65.48
06/20/2025,CHASE BON,SAFEWAY #0496 REDMOND WA,-7.49
06/20/2025,CHASE BON,SQ *SOUTHERN SPICE BELLEV Redmond WA,-18.74
06/22/2025,CHASE BON,DIAMOND CAR WASH MILL CREEK WA,-17.0
07/03/2025,CHASE BON,COSTCO WHSE #0008 KIRKLAND WA,-41.44
07/03/2025,CHASE BON,COSTCO GAS #0008 KIRKLAND WA,-67.04
07/05/2025,CHASE BON,COSTCO WHSE #0114 EVERETT WA,-70.3
07/06/2025,CHASE BON,COSTCO WHSE #1190 LYNNWOOD WA,-2.2
07/06/2025,CHASE BON,COSTCO WHSE #1190 LYNNWOOD WA,-25.31
07/12/2025,CHASE BON,DOLLAR TREE EVERETT WA,-11.87
07/12/2025,CHASE BON,COSTCO WHSE #0114 EVERETT WA,-73.92
03/31/2025,FIRSTTECH BANK,ACH Deposit AMAZON.COM SVCS 304254681 74 - DIRECT DEP,8882.71
03/01/2025,FIRSTTECH BANK,Withdrawal Transfer To ******3077 Moved money to saving accou,-5000.0
03/03/2025,FIRSTTECH BANK,ACH Debit CHASE CREDIT CRD - AUTOPAY,-30.0
03/03/2025,FIRSTTECH BANK,ACH Debit APPLECARD GSBANK - PAYMENT,-52.02
03/04/2025,FIRSTTECH BANK,ACH Debit TRANSAMERICA - PREMIUM,-33.71
03/04/2025,FIRSTTECH BANK,ACH Debit BILT PAYMENT 2b8751177390-0000000 - BILTRENT,-2724.74
03/11/2025,FIRSTTECH BANK,ACH Debit ATT - Payment,-89.14
03/12/2025,FIRSTTECH BANK,ACH Debit PUGET SOUND ENER BILLPAY - BILLPAY,-67.3
03/13/2025,FIRSTTECH BANK,ACH Debit CHASE CREDIT CRD - AUTOPAY,-1662.29
03/25/2025,FIRSTTECH BANK,ACH Debit WAVE 866-928-3123 - INTERNET,-25.0
03/01/2025,FIRSTTECH BANK,Deposit Transfer From ******9471 Moved money to saving acc,5000.0
02/26/2025,FIRSTTECH BANK,ACH Deposit AMAZON.COM SVCS 304254681 74 - DIRECT DEP,8882.72
02/01/2025,FIRSTTECH BANK,Withdrawal Transfer To ******3077 Moved money to saving accou,-5000.0
02/03/2025,FIRSTTECH BANK,ACH Debit CHASE CREDIT CRD - AUTOPAY,-24.49
02/03/2025,FIRSTTECH BANK,ACH Debit APPLECARD GSBANK - PAYMENT,-92.59
02/03/2025,FIRSTTECH BANK,ACH Debit BILT PAYMENT a16459e070fc-0000000 - BILTRENT,-2731.32
02/04/2025,FIRSTTECH BANK,ACH Debit TRANSAMERICA - PREMIUM,-33.71
02/11/2025,FIRSTTECH BANK,ACH Debit PUGET SOUND ENER BILLPAY - BILLPAY,-35.43
02/11/2025,FIRSTTECH BANK,ACH Debit ATT - Payment,-79.1
02/24/2025,FIRSTTECH BANK,ACH Debit WAVE 866-928-3123 - INTERNET,-25.0
02/01/2025,FIRSTTECH BANK,Deposit Transfer From ******9471 Moved money to saving acc,5000.0
02/21/2025,FIRSTTECH BANK,ACH Deposit Amazon.com Servi - PAYMENTS ISA*00*NV *00*NV *ZZ*9000012712,600.0
06/04/2025,FIRSTTECH BANK,Deposit Transfer From ******3077,2000.0
06/30/2025,FIRSTTECH BANK,ACH Deposit AMAZON.COM SVCS 304254681 74 - DIRECT DEP,9030.19
06/01/2025,FIRSTTECH BANK,Withdrawal Transfer To ******3077 Moved money to saving accou,-5500.0
06/02/2025,FIRSTTECH BANK,ACH Debit COMCAST-XFINITY 800-266-2278 - CABLE SVCS,-25.0
06/02/2025,FIRSTTECH BANK,ACH Debit APPLECARD GSBANK - PAYMENT,-189.33
06/02/2025,FIRSTTECH BANK,ACH Debit BILT PAYMENT 2f4c034f4eXX-XXXXXXX - BILTRENT,-2389.56
06/03/2025,FIRSTTECH BANK,ACH Debit TRANSAMERICA - PREMIUM,-33.71
06/03/2025,FIRSTTECH BANK,ACH Debit CHASE CREDIT CRD - AUTOPAY,-3372.39
06/11/2025,FIRSTTECH BANK,ACH Debit PUGET SOUND ENER BILLPAY - BILLPAY,-46.91
06/11/2025,FIRSTTECH BANK,ACH Debit ATT - PAYMENT,-79.14
06/12/2025,FIRSTTECH BANK,ACH Debit PROG CASUALTY BRANCH09DEBIT ACH - INS PREM,-353.99
06/13/2025,FIRSTTECH BANK,ACH Debit CHASE CREDIT CRD - AUTOPAY,-949.79
06/16/2025,FIRSTTECH BANK,Descriptive Withdrawal P2P Transfer,-50.0
06/17/2025,FIRSTTECH BANK,ACH Debit WA STATE DOL 240 DOL ACH TNSFR - WA DRIVER,-20.0
06/23/2025,FIRSTTECH BANK,ACH Debit WAVE 866-928-3123 - INTERNET,-45.1
06/24/2025,FIRSTTECH BANK,ACH Debit COMCAST-XFINITY 800-266-2278 - CABLE SVCS,-40.0
06/24/2025,FIRSTTECH BANK,ACH Debit PROG DIRECT INS BRANCH16DEBIT ACH - INS PREM,-54.41
06/30/2025,FIRSTTECH BANK,Withdrawal Transfer To ******9463 Monthly Saving For the Trip,-1000.0
06/30/2025,FIRSTTECH BANK,Descriptive Withdrawal OLB External Transfer,-700.0
06/01/2025,FIRSTTECH BANK,Deposit Transfer From ******9471 Moved money to saving acc,5500.0
06/04/2025,FIRSTTECH BANK,Withdrawal Transfer To ******9471,-2000.0
06/28/2025,FIRSTTECH BANK,ATM Withdrawal FIRST TECH 525 108TH AVE NE SUITE BELLEVUE WAUS,-160.0
06/29/2025,FIRSTTECH BANK,POS Transaction 011453605 WINCO FOO 9900 19th Av Everett WAUS,-60.52
07/29/2025,FIRSTTECH BANK,ACH Deposit AMAZON.COM SVCS 304254681 74 - PAYROLL,8924.69
07/01/2025,FIRSTTECH BANK,Withdrawal Transfer To ******3077 Moved money to saving accou,-5500.0
07/01/2025,FIRSTTECH BANK,ACH Debit APPLECARD GSBANK - PAYMENT,-60.91
07/02/2025,FIRSTTECH BANK,ACH Debit TRANSAMERICA - PREMIUM,-33.71
07/03/2025,FIRSTTECH BANK,ACH Debit CHASE CREDIT CRD - AUTOPAY,-89.89
07/11/2025,FIRSTTECH BANK,ACH Debit ATT - PAYMENT,-25.27
07/14/2025,FIRSTTECH BANK,ACH Debit PROG CASUALTY BRANCH09DEBIT ACH - INS PREM,-353.99
07/14/2025,FIRSTTECH BANK,ACH Debit CHASE CREDIT CRD - AUTOPAY,-1403.84
07/21/2025,FIRSTTECH BANK,ACH Debit PUGET SOUND ENER BILLPAY - BILLPAY,-32.25
07/24/2025,FIRSTTECH BANK,ACH Debit COMCAST-XFINITY 800-266-2278 - CABLE SVCS,-65.0
07/24/2025,FIRSTTECH BANK,ACH Debit PUDNO1-SNOHOMISH 425-783-1000 - UTILITY,-67.75
07/30/2025,FIRSTTECH BANK,Withdrawal Transfer To ******9463 Monthly Saving For the Trip,-1000.0
07/30/2025,FIRSTTECH BANK,Descriptive Withdrawal OLB External Transfer,-700.0
07/30/2025,FIRSTTECH BANK,ACH Debit PUGET SOUND ENER BILLPAY - BILLPAY,-54.44
07/01/2025,FIRSTTECH BANK,Deposit Transfer From ******9471 Moved money to saving acc,5500.0
07/02/2025,FIRSTTECH BANK,ACH Debit MOVEMENT MTG PMT MORTGAGE PMT - MTGE PAYMT,-5262.5
07/05/2025,FIRSTTECH BANK,POS Transaction 011453605 WINCO FOO 9900 19th Av Everett WAUS,-46.66
07/12/2025,FIRSTTECH BANK,POS Transaction 011453605 WINCO FOO 9900 19th Av Everett WAUS,-44.6
07/20/2025,FIRSTTECH BANK,POS Transaction SILVER LAK 15205 41ST AVE SE 15205 41ST AVWAUS,-125.13
07/27/2025,FIRSTTECH BANK,POS Transaction 011453605 WINCO FOO 9900 19th Av Everett WAUS,-56.67
05/14/2025,FIRSTTECH BANK,ACH Deposit ROBINHOOD - CREDITS,10000.0
05/15/2025,FIRSTTECH BANK,ACH Deposit ROBINHOOD - CREDITS,10000.0
05/16/2025,FIRSTTECH BANK,ACH Deposit ROBINHOOD - CREDITS,25000.0
05/22/2025,FIRSTTECH BANK,ACH Deposit ROBINHOOD - CREDITS,20000.0
05/27/2025,FIRSTTECH BANK,ACH Deposit ROBINHOOD - CREDITS,35000.0
05/28/2025,FIRSTTECH BANK,ACH Deposit AMAZON.COM SVCS 304254681 74 - DIRECT DEP,9030.2
05/01/2025,FIRSTTECH BANK,Withdrawal Transfer To ******3077 Moved money to saving accou,-5000.0
05/01/2025,FIRSTTECH BANK,ACH Debit APPLECARD GSBANK - PAYMENT,-302.55
05/02/2025,FIRSTTECH BANK,ACH Debit TRANSAMERICA - PREMIUM,-33.71
05/05/2025,FIRSTTECH BANK,ACH Debit CHASE CREDIT CRD - AUTOPAY,-11.02
05/12/2025,FIRSTTECH BANK,ACH Debit PUGET SOUND ENER BILLPAY - BILLPAY,-53.69
05/12/2025,FIRSTTECH BANK,ACH Debit ATT - Payment,-89.14
05/13/2025,FIRSTTECH BANK,ACH Debit CHASE CREDIT CRD - AUTOPAY,-751.56
05/16/2025,FIRSTTECH BANK,Withdrawal Transfer To ******3077,-60000.0
05/23/2025,FIRSTTECH BANK,ACH Debit WAVE 866-928-3123 - INTERNET,-45.1
05/26/2025,FIRSTTECH BANK,Withdrawal Transfer To ******3077,-20000.0
05/27/2025,FIRSTTECH BANK,Withdrawal Transfer To ******3077,-30000.0
05/30/2025,FIRSTTECH BANK,Withdrawal Transfer To ******9463 Monthly Saving For the Trip,-500.0
05/30/2025,FIRSTTECH BANK,Descriptive Withdrawal OLB External Transfer,-700.0
05/30/2025,FIRSTTECH BANK,Descriptive Withdrawal OLB External Transfer,-5000.0
05/01/2025,FIRSTTECH BANK,Deposit Transfer From ******9471 Moved money to saving acc,5000.0
05/16/2025,FIRSTTECH BANK,Deposit Transfer From ******9471,60000.0
05/26/2025,FIRSTTECH BANK,Deposit Transfer From ******9471,20000.0
05/27/2025,FIRSTTECH BANK,Deposit Transfer From ******9471,30000.0
05/07/2025,FIRSTTECH BANK,Domestic Wire Withdrawal Wire Out 2025127000013900 BNF:FIRST AMERICAN,-25000.0
05/07/2025,FIRSTTECH BANK,Wire Out Charge-Domestic Wire Fee 2025127000013900 BNF:FIRST AMERICAN,-20.0
05/28/2025,FIRSTTECH BANK,Domestic Wire Withdrawal Wire Out 2025148000081900 BNF:FIRST AMERICAN,-160231.28
05/28/2025,FIRSTTECH BANK,Wire Out Charge-Domestic Wire Fee 2025148000081900 BNF:FIRST AMERICAN,-20.0
05/30/2025,FIRSTTECH BANK,ACH Debit Viamericas Corp. - ePay,-100.0
04/21/2025,FIRSTTECH BANK,ACH Deposit IRS TREAS 310 - TAX REF REF*KUMA*ANDOVE*12/2024*TAX,1884.0
04/28/2025,FIRSTTECH BANK,ACH Deposit AMAZON.COM SVCS 304254681 74 - DIRECT DEP,9030.2
04/01/2025,FIRSTTECH BANK,Withdrawal Transfer To ******3077 Moved money to saving accou,-5000.0
04/01/2025,FIRSTTECH BANK,ACH Debit APPLECARD GSBANK - PAYMENT,-124.9
04/02/2025,FIRSTTECH BANK,ACH Debit TRANSAMERICA - PREMIUM,-33.71
04/02/2025,FIRSTTECH BANK,ACH Debit BILT PAYMENT 3d9ab868b67c-0000000 - BILTRENT,-2730.0
04/10/2025,FIRSTTECH BANK,ACH Debit PUGET SOUND ENER BILLPAY - BILLPAY,-64.88
04/11/2025,FIRSTTECH BANK,ACH Debit ATT - Payment,-89.14
04/14/2025,FIRSTTECH BANK,ACH Debit CHASE CREDIT CRD - AUTOPAY,-439.48
04/22/2025,FIRSTTECH BANK,ACH Debit WAVE 866-928-3123 - INTERNET,-45.1
04/01/2025,FIRSTTECH BANK,Deposit Transfer From ******9471 Moved money to saving acc,5000.0
10/29/2025,FIRSTTECH BANK,ACH Deposit AMAZON.COM SVCS 304254681 74 - PAYROLL,9244.83
10/01/2025,FIRSTTECH BANK,Withdrawal Transfer To ******3077 Moved money to saving accou,-5500.0
10/01/2025,FIRSTTECH BANK,ACH Debit APPLECARD GSBANK - PAYMENT,-63.56
10/02/2025,FIRSTTECH BANK,ACH Debit TRANSAMERICA - PREMIUM,-33.71
10/03/2025,FIRSTTECH BANK,ACH Debit CHASE CREDIT CRD - AUTOPAY,-26.73
10/14/2025,FIRSTTECH BANK,ACH Debit PROG CASUALTY BRANCH09DEBIT ACH - INS PREM,-353.96
10/14/2025,FIRSTTECH BANK,ACH Debit CHASE CREDIT CRD - AUTOPAY,-708.92
10/19/2025,FIRSTTECH BANK,Descriptive Withdrawal P2P Transfer - Loan payments,-120.0
10/24/2025,FIRSTTECH BANK,Descriptive Withdrawal P2P Transfer - Loan payments,-35.0
10/24/2025,FIRSTTECH BANK,ACH Debit COMCAST-XFINITY 800-266-2278 - CABLE SVCS,-65.0
10/30/2025,FIRSTTECH BANK,Withdrawal Transfer To ******9463 Monthly Saving For the Trip,-1000.0
10/30/2025,FIRSTTECH BANK,Descriptive Withdrawal OLB External Transfer,-700.0
10/01/2025,FIRSTTECH BANK,Deposit Transfer From ******9471 Moved money to saving acc,5500.0
10/01/2025,FIRSTTECH BANK,ACH Debit MOVEMENT MTG PMT MORTGAGE PMT - MTGE PAYMT,-5262.5
10/12/2025,FIRSTTECH BANK,POS Transaction 011453605 WINCO FOODS #104 Everett WAUS,-25.76
10/26/2025,FIRSTTECH BANK,POS Transaction 011453605 WINCO FOODS #104 Everett WAUS,-33.24
01/31/2025,FIRSTTECH BANK,ACH Deposit AMAZON.COM SVCS 304254681 74 - DIRECT DEP,8882.71
01/01/2025,FIRSTTECH BANK,Withdrawal Transfer To ******3077 Moved money to saving accou,-5000.0
01/02/2025,FIRSTTECH BANK,ACH Debit APPLECARD GSBANK - PAYMENT,-18.41
01/03/2025,FIRSTTECH BANK,ACH Debit TRANSAMERICA - PREMIUM,-33.71
01/03/2025,FIRSTTECH BANK,ACH Debit BILT PAYMENT 2b1ca6f3d29c-0000000 - BILTRENT,-2700.6
01/13/2025,FIRSTTECH BANK,ACH Debit PUGET SOUND ENER BILLPAY - BILLPAY,-37.73
01/13/2025,FIRSTTECH BANK,ACH Debit ATT - Payment,-79.08
01/13/2025,FIRSTTECH BANK,ACH Debit CHASE CREDIT CRD - AUTOPAY,-2816.69
01/22/2025,FIRSTTECH BANK,ACH Debit WAVE 866-928-3123 - INTERNET,-25.0
01/01/2025,FIRSTTECH BANK,Deposit Transfer From ******9471 Moved money to saving acc,5000.0
09/29/2025,FIRSTTECH BANK,ACH Deposit AMAZON.COM SVCS 304254681 74 - PAYROLL,8986.2
09/01/2025,FIRSTTECH BANK,Withdrawal Transfer To ******3077 Moved money to saving accou,-5500.0
09/02/2025,FIRSTTECH BANK,Descriptive Withdrawal OLB External Transfer,-700.0
09/02/2025,FIRSTTECH BANK,ACH Debit APPLECARD GSBANK - PAYMENT,-140.34
09/03/2025,FIRSTTECH BANK,ACH Debit TRANSAMERICA - PREMIUM,-33.71
09/03/2025,FIRSTTECH BANK,ACH Debit CHASE CREDIT CRD - AUTOPAY,-81.78
09/12/2025,FIRSTTECH BANK,ACH Debit PROG CASUALTY BRANCH09DEBIT ACH - INS PREM,-353.99
09/15/2025,FIRSTTECH BANK,ACH Debit PUGET SOUND ENER BILLPAY - BILLPAY,-27.56
09/15/2025,FIRSTTECH BANK,ACH Debit CHASE CREDIT CRD - AUTOPAY,-888.84
09/24/2025,FIRSTTECH BANK,ACH Debit COMCAST-XFINITY 800-266-2278 - CABLE SVCS,-65.0
09/30/2025,FIRSTTECH BANK,Withdrawal Transfer To ******9463 Monthly Saving For the Trip,-1000.0
09/30/2025,FIRSTTECH BANK,Descriptive Withdrawal OLB External Transfer,-700.0
09/01/2025,FIRSTTECH BANK,Deposit Transfer From ******9471 Moved money to saving acc,5500.0
09/02/2025,FIRSTTECH BANK,ACH Debit MOVEMENT MTG PMT MORTGAGE PMT - MTGE PAYMT,-5262.5
09/21/2025,FIRSTTECH BANK,POS Transaction SILVER LAK 15205 41ST AVE SE 15205 41ST AVWAUS,-242.15
09/27/2025,FIRSTTECH BANK,POS Transaction 011453605 WINCO FOODS #104 Everett WAUS,-42.71
08/27/2025,FIRSTTECH BANK,ACH Deposit AMAZON.COM SVCS 304254681 74 - PAYROLL,8986.2
08/01/2025,FIRSTTECH BANK,Withdrawal Transfer To ******3077 Moved money to saving accou,-5500.0
08/01/2025,FIRSTTECH BANK,ACH Debit APPLECARD GSBANK - PAYMENT,-313.52
08/04/2025,FIRSTTECH BANK,ACH Debit TRANSAMERICA - PREMIUM,-33.71
08/05/2025,FIRSTTECH BANK,ACH Debit CHASE CREDIT CRD - AUTOPAY,-257.52
08/12/2025,FIRSTTECH BANK,ACH Debit PROG CASUALTY BRANCH09DEBIT ACH - INS PREM,-353.99
08/13/2025,FIRSTTECH BANK,ACH Debit CHASE CREDIT CRD - AUTOPAY,-764.19
08/19/2025,FIRSTTECH BANK,ACH Debit PUGET SOUND ENER BILLPAY - BILLPAY,-32.2
08/19/2025,FIRSTTECH BANK,ACH Debit PUDNO1-SNOHOMISH 425-783-1000 - UTILITY,-64.57
08/25/2025,FIRSTTECH BANK,ACH Debit COMCAST-XFINITY 800-266-2278 - CABLE SVCS,-65.0
08/30/2025,FIRSTTECH BANK,Withdrawal Transfer To ******9463 Monthly Saving For the Trip,-1000.0
08/01/2025,FIRSTTECH BANK,Deposit Transfer From ******9471 Moved money to saving acc,5500.0
08/01/2025,FIRSTTECH BANK,ACH Debit MOVEMENT MTG PMT MORTGAGE PMT - MTGE PAYMT,-5262.5
08/16/2025,FIRSTTECH BANK,POS Transaction 011453605 WINCO FOO 9900 19th Av Everett WAUS,-49.44
08/31/2025,FIRSTTECH BANK,POS Transaction 011453605 WINCO FOO 9900 19th Av Everett WAUS,-71.49
07/02/2025,BECU,ExternalDepositPratyushKumar -ExtrnlTfr,700.0
07/18/2025,BECU,Dividend/Interest,2.81
07/03/2025,BECU,WithdrawalOnlineBankingTransferTo2016702802CNS,-673.66
02/21/2025,BECU,Dividend/Interest,3.16
02/02/2025,BECU,WithdrawalOnlineBankingTransferTo2016702802CNS,-673.66
06/03/2025,BECU,ExternalDepositPratyushKumar -ExtrnlTfr,5000.0
06/03/2025,BECU,ExternalDepositPratyushKumar -ExtrnlTfr,700.0
06/20/2025,BECU,Dividend/Interest,2.77
05/30/2025,BECU,WithdrawalOnlineBankingTransferTo2016702802CNS,-673.66
04/18/2025,BECU,Dividend/Interest,1.85
04/01/2025,BECU,WithdrawalOnlineBankingTransferTo2016702802CNS,-673.66
09/04/2025,BECU,ExternalDepositPratyushKumar -ExtrnlTfr,700.0
09/19/2025,BECU,Dividend/Interest,3.51
09/02/2025,BECU,WithdrawalOnlineBankingTransferTo2016702802CNS,-673.66
10/02/2025,BECU,ExternalDepositPratyushKumar -ExtrnlTfr,700.0
10/17/2025,BECU,Dividend/Interest,2.79
10/02/2025,BECU,WithdrawalOnlineBankingTransferTo2016702802CNS,-926.0
01/17/2025,BECU,Dividend/Interest,2.66
12/25/2024,BECU,WithdrawalOnlineBankingTransferTo2016702802CNS,-673.66
03/21/2025,BECU,Dividend/Interest,2.27
03/01/2025,BECU,WithdrawalOnlineBankingTransferTo2016702802CNS,-673.66
05/16/2025,BECU,Dividend/Interest,1.68
04/26/2025,BECU,WithdrawalOnlineBankingTransferTo2016702802CNS,-673.66
08/01/2025,BECU,ExternalDepositPratyushKumar -ExtrnlTfr,700.0
08/15/2025,BECU,Dividend/Interest,2.81
08/02/2025,BECU,WithdrawalOnlineBankingTransferTo2016702802CNS,-673.66
10/11/2024,CHASE BON,AUTOMATIC PAYMENT - THANK YOU,866.88
09/14/2024,CHASE BON,SAFEWAY #0496 REDMOND WA,-19.31
09/15/2024,CHASE BON,Lawyer.JustAnswer.com 800-2401371 CA,-55.0
09/15/2024,CHASE BON,PUNJABI TADKA BELLEVUE WA,-28.6
09/16/2024,CHASE BON,SAFEWAY #0496 REDMOND WA,-16.07
09/20/2024,CHASE BON,MARSHALLS #0221 REDMOND WA,-77.17
09/20/2024,CHASE BON,SQ *SOUTHERN SPICE BELLEV Redmond WA,-17.6
09/19/2024,CHASE BON,SAFEWAY #0496 REDMOND WA,-3.59
09/22/2024,CHASE BON,ASIAN FAMILY MARKET BE BELLEVUE WA,-36.75
09/22/2024,CHASE BON,MAYURI FOODS REDMOND WA,-53.53
09/24/2024,CHASE BON,SAFEWAY #0496 REDMOND WA,-3.99
09/28/2024,CHASE BON,SQ *EL MIXTECO AGUAS FRES Seattle WA,-8.0
09/28/2024,CHASE BON,COSTCO WHSE #1225 REDMOND WA,-4.39
09/28/2024,CHASE BON,COSTCO GAS #1225 REDMOND WA,-48.54
09/28/2024,CHASE BON,SQ *RAINBOW FRESH Seattle WA,-4.5
09/28/2024,CHASE BON,TARGET 00027862 SEATTLE WA,-59.67
09/28/2024,CHASE BON,ROSS STORE #352 SEATTLE WA,-18.73
09/29/2024,CHASE BON,COSTCO WHSE #1225 REDMOND WA,-4.39
09/29/2024,CHASE BON,COSTCO WHSE #1225 REDMOND WA,-205.19
10/02/2024,CHASE BON,MAYURI FOODS REDMOND WA,-45.45
10/05/2024,CHASE BON,MAYURI BAKERY & VIDEO IN REDMOND WA,-4.39
10/05/2024,CHASE BON,MAYURI BAKERY & VIDEO IN REDMOND WA,-8.79
10/05/2024,CHASE BON,MAYURI FOODS REDMOND WA,-3.99
10/12/2024,CHASE BON,SQ *SOUTHERN SPICE BELLEV Redmond WA,-17.6
10/11/2024,CHASE BON,CANTEEN VENDING EVERETT WA,-1.4
10/11/2024,CHASE BON,SAFEWAY #0496 REDMOND WA,-10.99
10/13/2024,CHASE BON,COSTCO WHSE #1225 REDMOND WA,-4.39
10/13/2024,CHASE BON,COSTCO WHSE #1225 REDMOND WA,-41.4
10/14/2024,CHASE BON,CANTEEN VENDING EVERETT WA,-1.4
11/12/2024,CHASE BON,AUTOMATIC PAYMENT - THANK YOU,804.82
10/14/2024,CHASE BON,STARBUCKS STORE 00369 REDMOND WA,-11.58
10/18/2024,CHASE BON,SAFEWAY #0496 REDMOND WA,-6.02
10/18/2024,CHASE BON,CANTEEN VENDING EVERETT WA,-1.4
10/18/2024,CHASE BON,MAYURI FOODS REDMOND WA,-22.04
10/19/2024,CHASE BON,DOLLARTREE REDMOND WA,-17.1
10/20/2024,CHASE BON,COSTCO WHSE #1225 REDMOND WA,-4.39
10/20/2024,CHASE BON,COSTCO WHSE #1225 REDMOND WA,-61.06
10/20/2024,CHASE BON,COSTCO GAS #1225 REDMOND WA,-62.17
10/21/2024,CHASE BON,CANTEEN VENDING EVERETT WA,-1.4
10/24/2024,CHASE BON,CANTEEN VENDING EVERETT WA,-3.9
10/26/2024,CHASE BON,COSTCO WHSE #0110 ISSAQUAH WA,-5.15
10/26/2024,CHASE BON,DARK HORSE BREW SNOQUALMIE WA,-6.0
10/25/2024,CHASE BON,CANTEEN VENDING EVERETT WA,-1.5
10/24/2024,CHASE BON,CANTEEN VENDING EVERETT WA,-1.5
10/25/2024,CHASE BON,FRED-MEYER #0023 BELLEVUE WA,-13.1
10/25/2024,CHASE BON,SAFEWAY #0496 REDMOND WA,-4.39
10/28/2024,CHASE BON,CANTEEN VENDING EVERETT WA,-1.5
10/28/2024,CHASE BON,CANTEEN VENDING EVERETT WA,-1.5
10/27/2024,CHASE BON,BEL-RED BARBERS BELLEVUE WA,-34.0
10/29/2024,CHASE BON,INDIA METRO HYPER BELLEVUE WA,-105.01
10/29/2024,CHASE BON,MAYURI FOODS REDMOND WA,-26.29
10/29/2024,CHASE BON,CANTEEN VENDING EVERETT WA,-1.5
10/30/2024,CHASE BON,COSTCO WHSE #1225 REDMOND WA,-45.76
11/01/2024,CHASE BON,SQ *CHAAT HOUSE bellevue WA,-17.07
10/31/2024,CHASE BON,MAYURI FOODS REDMOND WA,-41.89
11/01/2024,CHASE BON,MARSHALLS #0221 REDMOND WA,-30.85
11/01/2024,CHASE BON,DOLLARTREE REDMOND WA,-11.03
11/04/2024,CHASE BON,Trip.com 833-8960077 NY,-761.5
11/01/2024,CHASE BON,APNA BAZAR BELLEVUE BELLEVUE WA,-28.19
11/05/2024,CHASE BON,CANTEEN VENDING EVERETT WA,-1.5
11/08/2024,CHASE BON,COSTCO WHSE #1225 REDMOND WA,-100.97
11/08/2024,CHASE BON,COSTCO GAS #1225 REDMOND WA,-53.32
11/08/2024,CHASE BON,COSTCO WHSE #1225 REDMOND WA,-5.15
11/11/2024,CHASE BON,CANTEEN VENDING EVERETT WA,-1.4
11/13/2024,CHASE BON,MAYURI FOODS REDMOND WA,-31.14
11/13/2024,CHASE BON,CANTEEN VENDING EVERETT WA,-3.1
11/13/2024,CHASE BON,CANTEEN VENDING EVERETT WA,-1.5
11/24/2024,CHASE BON,TNF Tulalip Tulalip WA,59.57
12/08/2024,CHASE BON,COSTCO WHSE #1225 REDMOND WA,25.34
11/15/2024,CHASE BON,SAFEWAY #0496 REDMOND WA,-7.87
11/16/2024,CHASE BON,COSTCO WHSE #1225 REDMOND WA,-4.39
11/16/2024,CHASE BON,COSTCO WHSE #1225 REDMOND WA,-21.77
11/19/2024,CHASE BON,SAFEWAY #0496 REDMOND WA,-4.39
11/20/2024,CHASE BON,CANTEEN VENDING EVERETT WA,-1.5
11/21/2024,CHASE BON,NYC DELI BELLEVUE WA,-11.01
11/23/2024,CHASE BON,SQ *JAREDSCORNER Tulalip WA,-5.0
11/23/2024,CHASE BON,GAP OUTLET US 1986 TULALIP WA,-101.43
11/23/2024,CHASE BON,LEVI'S OUTLET 455 TULALIP WA,-86.83
11/21/2024,CHASE BON,AMZN BINGO CAFE BELLEVUE WA,-1.82
11/24/2024,CHASE BON,TNF Tulalip Tulalip WA,-59.57
11/23/2024,CHASE BON,5703 VILLA FRESH ITALI 360-7163001 WA,-12.27
11/24/2024,CHASE BON,SAFEWAY #0496 REDMOND WA,-7.42
11/25/2024,CHASE BON,VIRGINIA MASON BELLEVUE BELLEVUE WA,-30.0
11/26/2024,CHASE BON,DOLLARTREE REDMOND WA,-10.98
11/26/2024,CHASE BON,CANTEEN VENDING EVERETT WA,-1.5
11/28/2024,CHASE BON,MCDONALD'S F31332 MARYSVILLE WA,-4.67
11/29/2024,CHASE BON,NAUTICA 2342 TULALIP WA,-55.0
11/29/2024,CHASE BON,COSTCO WHSE #1190 LYNNWOOD WA,-5.17
11/29/2024,CHASE BON,SKECHERS-USA #145 TULALIP WA,-88.35
11/29/2024,CHASE BON,COSTCO GAS #1190 LYNNWOOD WA,-58.64
11/28/2024,CHASE BON,SAFEWAY #0496 REDMOND WA,-12.53
11/30/2024,CHASE BON,COSTCO WHSE #1225 REDMOND WA,-4.39
11/28/2024,CHASE BON,APNA BAZAR BELLEVUE BELLEVUE WA,-11.29
11/29/2024,CHASE BON,MCDONALD'S F31332 MARYSVILLE WA,-14.0
11/30/2024,CHASE BON,SP COTOPAXI 138-53816196 UT,-21.0
11/30/2024,CHASE BON,COSTCO WHSE #1225 REDMOND WA,-100.66
11/30/2024,CHASE BON,TNF Tulalip Tulalip WA,-69.08
11/29/2024,CHASE BON,Calvin Klein Tulalip WA,-136.68
11/30/2024,CHASE BON,SAFEWAY #0496 REDMOND WA,-12.64
12/04/2024,CHASE BON,CANTEEN VENDING EVERETT WA,-1.5
12/05/2024,CHASE BON,COSTCO WHSE #1225 REDMOND WA,-4.39
12/05/2024,CHASE BON,COSTCO WHSE #1225 REDMOND WA,-42.72
12/06/2024,CHASE BON,CANTEEN VENDING EVERETT WA,-1.5
12/06/2024,CHASE BON,AMZN BINGO CAFE BELLEVUE WA,-1.82
12/07/2024,CHASE BON,COSTCO WHSE #1225 REDMOND WA,-326.76
12/06/2024,CHASE BON,AMZN BINGO CAFE BELLEVUE WA,-3.03
12/06/2024,CHASE BON,SAFEWAY #0496 REDMOND WA,-6.82
12/07/2024,CHASE BON,COSTCO WHSE #1225 REDMOND WA,-4.39
12/08/2024,CHASE BON,TARGET 00009951 REDMOND WA,-11.41
12/08/2024,CHASE BON,COSTCO WHSE #1225 REDMOND WA,-5.15
12/08/2024,CHASE BON,INDIA SUPERMARKET BELLEVUE WA,-36.27
12/08/2024,CHASE BON,COSTCO WHSE #1225 REDMOND WA,-96.86
12/09/2024,CHASE BON,HUDSON ST 1479 SEATAC WA,-22.03
12/10/2024,CHASE BON,ICTUR YIYECEK VE ICECEK H ISTANBUL,-4.81
12/11/2024,CHASE BON,IndiGo Airlines DELHI,-49.55
06/22/2024,CHASE BON,HTS - SPOKANE-VALLEY - 509-9285948 WA,50.0
06/15/2024,CHASE BON,YELL LAKE LODGE DEPOSIT 8882972757 CO,-224.3
06/15/2024,CHASE BON,Lawyer.JustAnswer.com 800-2401371 CA,-5.0
06/15/2024,CHASE BON,Lawyer.JustAnswer.com 800-2401371 CA,-55.0
06/14/2024,CHASE BON,MAYURI FOODS REDMOND WA,-6.32
06/15/2024,CHASE BON,MAYURI FOODS REDMOND WA,-13.57
06/15/2024,CHASE BON,HOTELS HOMETOWNESTU 866-314-4182 CA,-87.6
06/14/2024,CHASE BON,SAFEWAY #0496 REDMOND WA,-29.89
06/17/2024,CHASE BON,HOTELS BELAIREMOTE 866-314-4182 CA,-146.47
06/18/2024,CHASE BON,BOOKING.COM* 1H6HTOLTH HTTPSWWW.BOOK UT,-118.84
06/19/2024,CHASE BON,COSTCO WHSE #1225 REDMOND WA,-2.2
06/19/2024,CHASE BON,COSTCO WHSE #1225 REDMOND WA,-171.53
06/18/2024,CHASE BON,SAFEWAY #0496 REDMOND WA,-18.74
06/20/2024,CHASE BON,SQ *SOUTHERN SPICE BELLEV Redmond WA,-16.5
06/20/2024,CHASE BON,MAYURI FOODS REDMOND WA,-12.99
06/21/2024,CHASE BON,COSTCO GAS #1225 REDMOND WA,-68.24
06/22/2024,CHASE BON,SQ *BEN & JERRY'S MANITO Spokane WA,-13.62
06/23/2024,CHASE BON,PARKMOBILE 770-818-9036 GA,-4.35
06/22/2024,CHASE BON,DIAMOND PARKING SEATTLE WA,-2.35
06/22/2024,CHASE BON,COSTCO GAS #0773 COEUR D ALENE ID,-37.2
06/23/2024,CHASE BON,LEGAL SERVICES wpbettis@bett OR,-591.96
06/22/2024,CHASE BON,CACHE HOUSE JACKSON WY,-153.45
06/23/2024,CHASE BON,MAGIC TOUCH CAR WASH MISSOULA MT,-12.0
06/23/2024,CHASE BON,COSTCO WHSE #0067 MISSOULA MT,-2.49
06/23/2024,CHASE BON,COSTCO WHSE #0067 MISSOULA MT,-4.67
06/22/2024,CHASE BON,CO SPOKANE RIVERFRONT PAR SPOKANE WA,-5.44
06/23/2024,CHASE BON,COSTCO WHSE #0067 MISSOULA MT,-19.97
06/23/2024,CHASE BON,COSTCO GAS #0067 MISSOULA MT,-19.75
06/24/2024,CHASE BON,CONOCO - SUPER SAVE CO W YELLOWSTONE MT,-44.52
06/24/2024,CHASE BON,SQ *YELLOWSTONE FOREVER Yellowstone N WY,-6.29
06/23/2024,CHASE BON,CENEX-CARDWELL CAMPGROUN CARDWELL MT,-17.26
06/23/2024,CHASE BON,SAFEWAY #1158 DEER LODGE MT,-2.89
06/24/2024,CHASE BON,MAMMOTH DINING & BAR YELLOWSTONE N WY,-23.32
06/24/2024,CHASE BON,CANYON GENERAL BOZEMAN MT,-15.67
06/22/2024,CHASE BON,HTS - SPOKANE-VALLEY - SPOKANE WA,-50.0
06/25/2024,CHASE BON,SNOWLODGE DINING & BAR YELLOWSTONE N WY,-22.42
06/25/2024,CHASE BON,LAKE CAFETERIA & BAR YELLOWSTONE N WY,-10.46
06/25/2024,CHASE BON,MAMMOTH BOZEMAN MT,-20.25
06/26/2024,CHASE BON,CLTR BAY VLG GROCERY STO MORAN WY,-5.58
06/26/2024,CHASE BON,CLTR BAY VLG GROCERY STO MORAN WY,-43.52
06/28/2024,CHASE BON,BKGHOTEL AT BOOKING.C 8888503958 NY,-91.53
06/26/2024,CHASE BON,FISHING BRIDGE BOZEMAN MT,-8.3
06/27/2024,CHASE BON,FIVE & DIME GENERAL STOR JACKSON WY,-11.64
06/26/2024,CHASE BON,LAKE YELLOWSTONE LODGE 3073445540 WY,-224.3
06/26/2024,CHASE BON,TST* PINKY GS - JACKSON Jackson WY,-10.6
06/26/2024,CHASE BON,LAKE CAFETERIA & BAR YELLOWSTONE N WY,-7.5
06/26/2024,CHASE BON,GRANT VILLAGE GIFTS YELLOWSTONE N WY,-5.29
06/28/2024,CHASE BON,COSTCO WHSE #0145 TWIN FALLS ID,-7.39
06/28/2024,CHASE BON,COSTCO GAS #0145 TWIN FALLS ID,-54.28
06/28/2024,CHASE BON,IDAHO FALLS ZOO 208-6128552 ID,-19.02
06/28/2024,CHASE BON,COSTCO GAS #0734 NAMPA ID,-19.64
06/27/2024,CHASE BON,TST* PINKY GS - JACKSON Jackson WY,-21.2
06/29/2024,CHASE BON,COSTCO WHSE #1013 UNION GAP WA,-5.05
06/29/2024,CHASE BON,COSTCO WHSE #1013 UNION GAP WA,-41.15
06/28/2024,CHASE BON,TANDOORI OVEN IDAHO IDAHO FALLS ID,-28.6
06/27/2024,CHASE BON,SHELL OIL10007507014 JACKSON WY,-28.55
06/29/2024,CHASE BON,COSTCO GAS #1013 UNION GAP WA,-39.55
06/29/2024,CHASE BON,EXPEDIA 72864645909477 EXPEDIA.COM WA,-104.61
06/28/2024,CHASE BON,SHOSHONE FALLS - CITY OF TWIN FALLS ID,-5.0
06/28/2024,CHASE BON,COSTCO WHSE #0145 TWIN FALLS ID,-6.35
07/05/2024,CHASE BON,OPENAI HTTPSOPENAI.C CA,-11.03
07/05/2024,CHASE BON,AMZN BINGO CAFE BELLEVUE WA,-11.02
07/05/2024,CHASE BON,COSTCO WHSE #1225 REDMOND WA,-2.75
07/05/2024,CHASE BON,COSTCO WHSE #1225 REDMOND WA,-5.15
07/05/2024,CHASE BON,COSTCO WHSE #1225 REDMOND WA,-85.98
07/06/2024,CHASE BON,MAYURI FOODS REDMOND WA,-39.98
07/08/2024,CHASE BON,SAFEWAY #0496 REDMOND WA,-10.92
07/09/2024,CHASE BON,SAFEWAY #0496 REDMOND WA,-28.21
07/14/2024,CHASE BON,Biryanibowl (Register 2) Redmond WA,-24.32
03/28/2024,CHASE BON,HALF PRICE BOOKS #022 BELLEVUE WA,11.0
03/23/2024,CHASE BON,SQ *INTERNATIONAL SOCIETY SAMMAMISH WA,-8.0
03/23/2024,CHASE BON,COSTCO GAS #1225 REDMOND WA,-65.34
03/23/2024,CHASE BON,MAYURI FOODS REDMOND WA,-58.24
03/25/2024,CHASE BON,KING CO MARYMOOR PARK HH4 REDMOND WA,-20.0
03/24/2024,CHASE BON,MAYURI FOODS REDMOND WA,-22.96
03/24/2024,CHASE BON,SAFEWAY #0496 REDMOND WA,-10.33
03/26/2024,CHASE BON,HALF PRICE BOOKS #022 BELLEVUE WA,-22.0
03/29/2024,CHASE BON,SQ *DOSA HOUSE BELLEVUE WA,-27.49
03/29/2024,CHASE BON,DOLLARTREE REDMOND WA,-12.4
03/29/2024,CHASE BON,CANTEEN VENDING EVERETT WA,-1.0
03/30/2024,CHASE BON,SAFEWAY #0496 REDMOND WA,-14.3
04/01/2024,CHASE BON,TEMU.COM 130-248-0611 MA,-27.9
04/02/2024,CHASE BON,CANTEEN VENDING EVERETT WA,-1.0
04/02/2024,CHASE BON,APNAR BAZAR BELLEVUE WA,-86.07
04/03/2024,CHASE BON,CANTEEN VENDING EVERETT WA,-1.5
04/04/2024,CHASE BON,SQ *SOUTHERN SPICE BELLEV Redmond WA,-18.71
04/04/2024,CHASE BON,MAYURI FOODS REDMOND WA,-1.49
04/07/2024,CHASE BON,COSTCO WHSE #1225 REDMOND WA,-147.09
04/07/2024,CHASE BON,COSTCO WHSE #1225 REDMOND WA,-5.15
04/08/2024,CHASE BON,MARSHALLS #0221 REDMOND WA,-15.42
04/11/2024,CHASE BON,SQ *THE FOOT AND ANKLE CE Kirkland WA,-60.0
04/13/2024,CHASE BON,MARSHALLS #0221 REDMOND WA,-62.84
04/11/2024,CHASE BON,HRBLOCK RETAIL BELLEVUE WA,-244.0
04/14/2024,CHASE BON,WPY*Tulip Valley Farms 855-999-3729 WA,-32.46
04/14/2024,CHASE BON,COSTCO WHSE #1225 REDMOND WA,-4.39
04/14/2024,CHASE BON,COSTCO WHSE #1225 REDMOND WA,-44.74
04/14/2024,CHASE BON,COSTCO GAS #1225 REDMOND WA,-77.77
04/01/2024,CHASE BON,ANNUAL MEMBERSHIP FEE,-95.0
08/15/2024,CHASE BON,Lawyer.JustAnswer.com 800-2401371 CA,-55.0
08/16/2024,CHASE BON,SAFEWAY #0496 REDMOND WA,-32.42
08/18/2024,CHASE BON,ASIAN FAMILY MARKET BE BELLEVUE WA,-19.29
08/18/2024,CHASE BON,MAYURI FOODS REDMOND WA,-15.76
08/18/2024,CHASE BON,MAYURI FOODS REDMOND WA,-39.38
08/21/2024,CHASE BON,SAFEWAY #0496 REDMOND WA,-2.98
08/23/2024,CHASE BON,SAFEWAY #0496 REDMOND WA,-7.47
08/24/2024,CHASE BON,COSTCO WHSE #1225 REDMOND WA,-4.39
08/23/2024,CHASE BON,SQ *SOUTHERN SPICE BELLEV Redmond WA,-17.6
08/24/2024,CHASE BON,COSTCO WHSE #1225 REDMOND WA,-251.22
08/23/2024,CHASE BON,CANTEEN VENDING EVERETT WA,-1.4
08/25/2024,CHASE BON,MAYURI FOODS REDMOND WA,-43.02
08/27/2024,CHASE BON,MAYURI BAKERY & VIDEO REDMOND WA,-8.98
08/30/2024,CHASE BON,SAFEWAY #0496 REDMOND WA,-2.75
09/01/2024,CHASE BON,INDIA METRO HYPER BELLEVUE WA,-1.38
09/01/2024,CHASE BON,JACK IN THE BOX 8422 425-285-9106 WA,-11.44
09/01/2024,CHASE BON,SQ *CHA NEW LIFE GARDEN Bellevue WA,-3.99
09/04/2024,CHASE BON,CANTEEN VENDING EVERETT WA,-1.5
09/04/2024,CHASE BON,MAYURI FOODS REDMOND WA,-27.42
09/03/2024,CHASE BON,SAFEWAY #0496 REDMOND WA,-8.96
09/04/2024,CHASE BON,SAFEWAY #0496 REDMOND WA,-14.29
09/05/2024,CHASE BON,MAYURI BAKERY & VIDEO REDMOND WA,-8.46
09/06/2024,CHASE BON,SAFEWAY #0496 REDMOND WA,-9.56
09/08/2024,CHASE BON,COSTCO GAS #1225 REDMOND WA,-64.76
09/07/2024,CHASE BON,SAFEWAY #0496 REDMOND WA,-10.68
09/08/2024,CHASE BON,COSTCO WHSE #1225 REDMOND WA,-5.15
09/08/2024,CHASE BON,COSTCO WHSE #1225 REDMOND WA,-39.4
09/11/2024,CHASE BON,SQ *SOUTHERN SPICE BELLEV Redmond WA,-17.6
09/11/2024,CHASE BON,DOLLARTREE REDMOND WA,-11.11
09/12/2024,CHASE BON,MARSHALLS #0221 REDMOND WA,-25.9
09/12/2024,CHASE BON,COSTCO WHSE #1225 REDMOND WA,-4.39
09/12/2024,CHASE BON,COSTCO WHSE #1225 REDMOND WA,-39.35
09/14/2024,CHASE BON,MAYURI FOODS REDMOND WA,-52.55
09/12/2024,CHASE BON,SAFEWAY #0496 REDMOND WA,-5.83
09/13/2024,CHASE BON,CANTEEN VENDING EVERETT WA,-1.5
07/15/2024,CHASE BON,Lawyer.JustAnswer.com 800-2401371 CA,-55.0
07/15/2024,CHASE BON,HAPPY LEMON - BELLEVUE S BELLEVUE WA,-16.03
07/15/2024,CHASE BON,SAFEWAY #0496 REDMOND WA,-20.35
07/16/2024,CHASE BON,SAFEWAY #0496 REDMOND WA,-1.52
07/19/2024,CHASE BON,CANTEEN VENDING EVERETT WA,-2.65
07/20/2024,CHASE BON,ASIAN FAMILY MARKET BE BELLEVUE WA,-14.72
07/21/2024,CHASE BON,SQ *BIRYANI AND PIZZA HOU REDMOND WA,-21.0
07/20/2024,CHASE BON,APNA BAZAR BELLEVUE BELLEVUE WA,-4.48
07/21/2024,CHASE BON,SAFEWAY #0496 REDMOND WA,-6.06
07/22/2024,CHASE BON,SAFEWAY #0496 REDMOND WA,-8.79
07/26/2024,CHASE BON,COSTCO WHSE #1225 REDMOND WA,-9.9
07/26/2024,CHASE BON,COSTCO WHSE #1225 REDMOND WA,-134.04
07/26/2024,CHASE BON,COSTCO GAS #1225 REDMOND WA,-64.57
07/27/2024,CHASE BON,MAYURI FOODS REDMOND WA,-13.47
07/28/2024,CHASE BON,MAYURI FOODS REDMOND WA,-31.02
07/28/2024,CHASE BON,MARSHALLS #0221 REDMOND WA,-18.73
07/28/2024,CHASE BON,MAYURI FOODS REDMOND WA,-14.38
07/28/2024,CHASE BON,MARSHALLS #0221 REDMOND WA,-33.08
07/28/2024,CHASE BON,MAYURI BAKERY & VIDEO REDMOND WA,-11.02
07/30/2024,CHASE BON,DOLLARTREE REDMOND WA,-4.14
08/02/2024,CHASE BON,TRAVEL AGENCY 800-920-7405 CA,-156.63
08/02/2024,CHASE BON,RTC LAS VEGAS TRANSIT 866-7566041 NV,-16.0
08/03/2024,CHASE BON,LEVI'S OUTLET 431 LAS VEGAS NV,-32.5
08/02/2024,CHASE BON,YOGURTLAND NV111 LAS VEGAS NV,-2.71
08/03/2024,CHASE BON,UBER TRIP HELP.UBER.COM CA,-47.23
08/03/2024,CHASE BON,ARCO #42279 AMPM LAS VEGAS NV,-18.18
08/02/2024,CHASE BON,Tacos El Gordo Las Vegas NV,-7.17
08/05/2024,CHASE BON,BOOKING.COM 147-036-3250 NY,-72.71
08/03/2024,CHASE BON,WLV FORTUNA LAS VEGAS NV,-21.0
08/04/2024,CHASE BON,KRISPY KREME #4501 LAS VEGAS NV,-7.78
08/03/2024,CHASE BON,ABC #101 LV LAS VEGAS NV,-17.23
08/03/2024,CHASE BON,AUNTIE ANNE'S NV104 LAS VEGAS NV,-12.77
08/02/2024,CHASE BON,TACO EL PASTOR LAS VEGAS NV,-24.34
08/04/2024,CHASE BON,MASABI_RTCSNV TRANSIT 702-228-7433 NV,-16.0
08/03/2024,CHASE BON,3810 GREEN LEAFS / BAN 702-3669387 NV,-35.71
08/04/2024,CHASE BON,SMITHS FOOD #4358 LAS VEGAS NV,-27.41
08/04/2024,CHASE BON,NEW YORK PIZZERIA NYNY 702-7363111 NV,-28.01
08/05/2024,CHASE BON,UBER TRIP HELP.UBER.COM CA,-9.34
08/06/2024,CHASE BON,EXPEDIA 72891044072448 EXPEDIA.COM WA,-67.03
08/05/2024,CHASE BON,STAGECOACH CAFE AND SA SELIGMAN AZ,-29.0
08/04/2024,CHASE BON,CCLV_FB_STARBUCKS LAS VEGAS NV,-14.2
08/05/2024,CHASE BON,MCDONALD'S F14225 FLAGSTAFF AZ,-11.12
08/05/2024,CHASE BON,MCDONALD'S F14225 FLAGSTAFF AZ,-3.99
08/05/2024,CHASE BON,GRNDCYNASSNVCP GRAND CANYON AZ,-6.0
08/06/2024,CHASE BON,HUDSONNEWS ST1027 LAS VEGAS NV,-27.08
08/06/2024,CHASE BON,AVIS RENT-A-CAR LAS VEGAS NV,-170.83
08/06/2024,CHASE BON,COSTCO GAS #0673 HENDERSON NV,-62.15
08/05/2024,CHASE BON,DESERT VIEW STORE 928-638-2262 AZ,-3.29
08/06/2024,CHASE BON,TEXACO 0356249 PARKS (MAINE) AZ,-33.71
08/06/2024,CHASE BON,DUNKIN #356931 KINGMAN AZ,-11.79
08/05/2024,CHASE BON,WESTGATE LV RESORTCASINO LAS VEGAS NV,-102.02
08/05/2024,CHASE BON,HERMITS REST GIFT SHOP GRAND CANYON AZ,-4.0
08/07/2024,CHASE BON,CANTEEN VENDING EVERETT WA,-1.4
08/06/2024,CHASE BON,CCLV - IT'S VEGAS LOBB LAS VEGAS NV,-14.09
08/07/2024,CHASE BON,UBER TRIP HELP.UBER.COM CA,-20.95
08/09/2024,CHASE BON,SAFEWAY #0496 REDMOND WA,-6.06
08/09/2024,CHASE BON,SAFEWAY #0496 REDMOND WA,-29.93
08/10/2024,CHASE BON,ASIAN FAMILY MARKET BE BELLEVUE WA,-30.87
08/10/2024,CHASE BON,TNF Bellevue Bellevue WA,-96.09
08/09/2024,CHASE BON,SQ *SOUTHERN SPICE BELLEV Redmond WA,-17.6
08/10/2024,CHASE BON,INDIA SUPERMARKET BELLEVUE WA,-41.75
08/10/2024,CHASE BON,STARBUCKS STORE 00369 REDMOND WA,-6.01
08/11/2024,CHASE BON,REGENT BAKERY & CAFE 131-27305592 IL,-14.62
08/11/2024,CHASE BON,HUI LAU SHAN REDMOND WA,-9.86
08/12/2024,CHASE BON,DOLLARTREE REDMOND WA,-4.01
04/14/2024,CHASE BON,TACOS TECALITLAN 1 ANACORTES WA,-11.7
04/15/2024,CHASE BON,DOLLARTREE REDMOND WA,-8.27
04/17/2024,CHASE BON,SDOT PAYBYPHONE PARKING 2066845260 WA,-2.0
04/17/2024,CHASE BON,SDOT PAYBYPHONE PARKING 2066845260 WA,-2.0
04/18/2024,CHASE BON,APNA BAZAR BELLEVUE BELLEVUE WA,-46.67
04/19/2024,CHASE BON,CANTEEN VENDING EVERETT WA,-1.25
04/20/2024,CHASE BON,TAQUERIA EL RINCONSITO BE BELLEVUE WA,-28.8
04/21/2024,CHASE BON,MAYURI FOODS REDMOND WA,-27.41
04/23/2024,CHASE BON,SAFEWAY #0496 REDMOND WA,-10.98
04/25/2024,CHASE BON,SQ *SOUTHERN SPICE BELLEV Redmond WA,-16.5
04/26/2024,CHASE BON,DOLLARTREE REDMOND WA,-15.85
04/28/2024,CHASE BON,TST* THE FRENCH BAKERY - Bellevue WA,-9.37
05/01/2024,CHASE BON,SAFEWAY #0496 REDMOND WA,-12.27
05/02/2024,CHASE BON,CANTEEN VENDING EVERETT WA,-1.25
05/03/2024,CHASE BON,COSTCO WHSE #1225 REDMOND WA,-206.13
05/02/2024,CHASE BON,SDOT PAYBYPHONE PARKING 2066845260 WA,-2.5
05/03/2024,CHASE BON,NYC DELI BELLEVUE WA,-20.9
05/03/2024,CHASE BON,TARGET 00032755 BELLEVUE WA,-12.87
05/03/2024,CHASE BON,COSTCO WHSE #1225 REDMOND WA,-7.9
05/05/2024,CHASE BON,MAYURI FOODS REDMOND WA,-3.3
05/04/2024,CHASE BON,ROAD RUNNER SPORTS-116 BELLEVUE WA,-158.66
05/05/2024,CHASE BON,SAFEWAY #0496 REDMOND WA,-4.29
05/07/2024,CHASE BON,SQ *DOSA HOUSE BELLEVUE WA,-20.92
05/07/2024,CHASE BON,COSTCO GAS #1225 REDMOND WA,-72.73
05/10/2024,CHASE BON,COSTCO WHSE #1225 REDMOND WA,-9.88
05/10/2024,CHASE BON,INDIA SUPERMARKET BELLEVUE WA,-32.51
05/11/2024,CHASE BON,SAFEWAY #0496 REDMOND WA,-14.98
05/13/2024,CHASE BON,DOLLARTREE REDMOND WA,-24.62
05/13/2024,CHASE BON,TST* JACK SPRAT Redmond WA,-6.07
06/09/2024,CHASE BON,COSTCO WHSE #0002 PORTLAND OR,15.99
06/12/2024,CHASE BON,AUTOMATIC PAYMENT - THANK YOU,776.59
05/15/2024,CHASE BON,MAYURI BAKERY & VIDEO IN REDMOND WA,-8.78
05/16/2024,CHASE BON,SQ *SOUTHERN SPICE BELLEV Redmond WA,-19.81
05/17/2024,CHASE BON,SAFEWAY #0496 REDMOND WA,-1.59
05/16/2024,CHASE BON,SAFEWAY #0496 REDMOND WA,-15.26
05/20/2024,CHASE BON,CANTEEN VENDING EVERETT WA,-1.5
05/19/2024,CHASE BON,SAFEWAY #0496 REDMOND WA,-5.78
05/23/2024,CHASE BON,SAFEWAY #0496 REDMOND WA,-1.98
05/27/2024,CHASE BON,SQ *DOSA HOUSE BELLEVUE WA,-26.43
05/26/2024,CHASE BON,SAFEWAY #0496 REDMOND WA,-24.39
05/27/2024,CHASE BON,SAFEWAY #0496 REDMOND WA,-4.39
05/28/2024,CHASE BON,MAYURI BAKERY & VIDEO REDMOND WA,-2.74
05/28/2024,CHASE BON,SAFEWAY #0496 REDMOND WA,-6.79
05/29/2024,CHASE BON,SAFEWAY #0496 REDMOND WA,-12.03
05/29/2024,CHASE BON,CANTEEN VENDING EVERETT WA,-1.5
05/30/2024,CHASE BON,VIRGINIA MASON FRONT DESK SEATTLE WA,-60.0
06/01/2024,CHASE BON,MAYURI FOODS REDMOND WA,-71.3
05/31/2024,CHASE BON,COSTCO WHSE #1225 REDMOND WA,-5.15
05/31/2024,CHASE BON,COSTCO WHSE #1225 REDMOND WA,-186.06
05/31/2024,CHASE BON,COSTCO GAS #1225 REDMOND WA,-69.26
06/02/2024,CHASE BON,ROSS STORES #42 BELLEVUE WA,-78.17
06/04/2024,CHASE BON,CANTEEN VENDING EVERETT WA,-2.2
06/04/2024,CHASE BON,DOLLARTREE REDMOND WA,-12.49
06/05/2024,CHASE BON,MAYURI FOODS REDMOND WA,-25.27
06/05/2024,CHASE BON,SAFEWAY #0496 REDMOND WA,-2.62
06/06/2024,CHASE BON,SAFEWAY #0496 REDMOND WA,-2.75
06/08/2024,CHASE BON,COSTCO WHSE #0009 ALOHA OR,-3.98
06/08/2024,CHASE BON,COSTCO WHSE #0009 ALOHA OR,-59.75
06/08/2024,CHASE BON,WALGREENS #5647 PORTLAND OR,-16.98
06/09/2024,CHASE BON,7-ELEVEN 29058 PORTLAND OR,-13.99
06/09/2024,CHASE BON,PORTLAND PARKING KITTY 503-2785410 OR,-2.05
06/09/2024,CHASE BON,COSTCO WHSE #0002 PORTLAND OR,-5.98
06/09/2024,CHASE BON,SP NAITO CORPORATION 150-35174300 OR,-12.9
06/09/2024,CHASE BON,COSTCO WHSE #0002 PORTLAND OR,-144.96
06/09/2024,CHASE BON,PLAID PANTRY #114 PORTLAND OR,-13.59
06/09/2024,CHASE BON,COSTCO GAS #0002 PORTLAND OR,-60.99
06/08/2024,CHASE BON,MONTICELLO MOTEL PORTLAND OR,-98.6
06/10/2024,CHASE BON,RAISING CANES 0714 MOB 972-769-3100 OR,-11.99
06/09/2024,CHASE BON,REI #288 BEAVERTON BEAVERTON OR,-79.99
06/09/2024,CHASE BON,H&M 0214PORTLAND PORTLAND OR,-38.35
06/12/2024,CHASE BON,MAYURI FOODS REDMOND WA,-35.21
06/12/2024,CHASE BON,SAFEWAY #0496 REDMOND WA,-3.99
06/14/2024,CHASE BON,TRAVEL AGENCY 800-920-7405 CA,-364.94
07/19/2024,BECU,Dividend/Interest,5.37
07/01/2024,BECU,WithdrawalOnlineBankingTransferTo2016702802CNS,-673.66
08/16/2024,BECU,Dividend/Interest,5.18
08/05/2024,BECU,WithdrawalOnlineBankingTransferTo2016702802CNS,-673.66
12/20/2024,BECU,Dividend/Interest,3.75
12/02/2024,BECU,WithdrawalOnlineBankingTransferTo2016702802CNS,-673.66
11/15/2024,BECU,Dividend/Interest,3.51
11/02/2024,BECU,WithdrawalOnlineBankingTransferTo2016702802CNS,-673.66
10/18/2024,BECU,Dividend/Interest,4.06
10/01/2024,BECU,WithdrawalOnlineBankingTransferTo2016702802CNS,-673.66
09/20/2024,BECU,Dividend/Interest,6.12
09/02/2024,BECU,WithdrawalOnlineBankingTransferTo2016702802CNS,-673.66
